<?xml version="1.0" encoding="UTF-8"?>

<!-- This file was generated by Ignite Web Console (01/08/2019, 12:13) -->

<beans xmlns="http://www.springframework.org/schema/beans"
       xmlns:xsi="http://www.w3.org/2001/XMLSchema-instance"
       xmlns:util="http://www.springframework.org/schema/util"
       xsi:schemaLocation="http://www.springframework.org/schema/beans
                           http://www.springframework.org/schema/beans/spring-beans.xsd
                           http://www.springframework.org/schema/util
                           http://www.springframework.org/schema/util/spring-util.xsd">
    <!-- Load external properties file. -->
    <bean id="placeholderConfig" class="org.springframework.beans.factory.config.PropertyPlaceholderConfigurer">
        <property name="location" value="classpath:secret.properties"/>
    </bean>

    <!-- Data source beans will be initialized from external properties file. -->
    <bean id="dsMySQL_Employees" class="com.mysql.jdbc.jdbc2.optional.MysqlDataSource">
        <property name="URL" value="${dsMySQL_Employees.jdbc.url}"/>
        <property name="user" value="${dsMySQL_Employees.jdbc.username}"/>
        <property name="password" value="${dsMySQL_Employees.jdbc.password}"/>
    </bean>

    <bean class="org.apache.ignite.configuration.IgniteConfiguration">
        <property name="clientMode" value="true"/>
        <property name="igniteInstanceName" value="EmployeesCluster"/>

        <property name="discoverySpi">
            <bean class="org.apache.ignite.spi.discovery.tcp.TcpDiscoverySpi">
                <property name="ipFinder">
                    <bean class="org.apache.ignite.spi.discovery.tcp.ipfinder.multicast.TcpDiscoveryMulticastIpFinder">
                        <property name="addresses">
                            <list>
                                <value>127.0.0.1:47500..47510</value>
                            </list>
                        </property>
                    </bean>
                </property>
            </bean>
        </property>

        <property name="cacheConfiguration">
            <list>
                <bean class="org.apache.ignite.configuration.CacheConfiguration">
                    <property name="name" value="DepartmentsCache"/>
                    <property name="cacheMode" value="REPLICATED"/>
                    <property name="atomicityMode" value="ATOMIC"/>

                    <property name="cacheStoreFactory">
                        <bean class="org.apache.ignite.cache.store.jdbc.CacheJdbcPojoStoreFactory">
                            <property name="dataSourceBean" value="dsMySQL_Employees"/>
                            <property name="dialect">
                                <bean class="org.apache.ignite.cache.store.jdbc.dialect.MySQLDialect">
                                </bean>
                            </property>

                            <property name="types">
                                <list>
                                    <bean class="org.apache.ignite.cache.store.jdbc.JdbcType">
                                        <property name="cacheName" value="DepartmentsCache"/>
                                        <property name="keyType" value="java.lang.String"/>
                                        <property name="valueType" value="com.techacademy.model.Departments"/>
                                        <property name="databaseSchema" value="employees"/>
                                        <property name="databaseTable" value="departments"/>

                                        <property name="keyFields">
                                            <list>
                                                <bean class="org.apache.ignite.cache.store.jdbc.JdbcTypeField">
                                                    <constructor-arg>
                                                        <util:constant static-field="java.sql.Types.CHAR"/>
                                                    </constructor-arg>
                                                    <constructor-arg value="dept_no"/>
                                                    <constructor-arg value="java.lang.String"/>
                                                    <constructor-arg value="deptNo"/>
                                                </bean>
                                            </list>
                                        </property>

                                        <property name="valueFields">
                                            <list>
                                                <bean class="org.apache.ignite.cache.store.jdbc.JdbcTypeField">
                                                    <constructor-arg>
                                                        <util:constant static-field="java.sql.Types.VARCHAR"/>
                                                    </constructor-arg>
                                                    <constructor-arg value="dept_name"/>
                                                    <constructor-arg value="java.lang.String"/>
                                                    <constructor-arg value="deptName"/>
                                                </bean>
                                            </list>
                                        </property>
                                    </bean>
                                </list>
                            </property>
                        </bean>
                    </property>

                    <property name="readThrough" value="true"/>
                    <property name="writeThrough" value="true"/>

                    <property name="queryEntities">
                        <list>
                            <bean class="org.apache.ignite.cache.QueryEntity">
                                <property name="keyType" value="java.lang.String"/>
                                <property name="valueType" value="com.techacademy.model.Departments"/>
                                <property name="keyFieldName" value="deptNo"/>

                                <property name="keyFields">
                                    <list>
                                        <value>deptNo</value>
                                    </list>
                                </property>

                                <property name="fields">
                                    <map>
                                        <entry key="deptName" value="java.lang.String"/>
                                        <entry key="deptNo" value="java.lang.String"/>
                                    </map>
                                </property>

                                <property name="aliases">
                                    <map>
                                        <entry key="deptNo" value="dept_no"/>
                                        <entry key="deptName" value="dept_name"/>
                                    </map>
                                </property>

                                <property name="indexes">
                                    <list>
                                        <bean class="org.apache.ignite.cache.QueryIndex">
                                            <property name="name" value="dept_name"/>
                                            <property name="indexType" value="SORTED"/>

                                            <property name="fields">
                                                <map>
                                                    <entry key="deptName" value="false"/>
                                                </map>
                                            </property>
                                        </bean>
                                    </list>
                                </property>
                            </bean>
                        </list>
                    </property>
                </bean>

                <bean class="org.apache.ignite.configuration.CacheConfiguration">
                    <property name="name" value="DeptEmpCache"/>
                    <property name="cacheMode" value="REPLICATED"/>
                    <property name="atomicityMode" value="ATOMIC"/>

                    <property name="cacheStoreFactory">
                        <bean class="org.apache.ignite.cache.store.jdbc.CacheJdbcPojoStoreFactory">
                            <property name="dataSourceBean" value="dsMySQL_Employees"/>
                            <property name="dialect">
                                <bean class="org.apache.ignite.cache.store.jdbc.dialect.MySQLDialect">
                                </bean>
                            </property>

                            <property name="types">
                                <list>
                                    <bean class="org.apache.ignite.cache.store.jdbc.JdbcType">
                                        <property name="cacheName" value="DeptEmpCache"/>
                                        <property name="keyType" value="com.techacademy.model.DeptEmpKey"/>
                                        <property name="valueType" value="com.techacademy.model.DeptEmp"/>
                                        <property name="databaseSchema" value="employees"/>
                                        <property name="databaseTable" value="dept_emp"/>

                                        <property name="keyFields">
                                            <list>
                                                <bean class="org.apache.ignite.cache.store.jdbc.JdbcTypeField">
                                                    <constructor-arg>
                                                        <util:constant static-field="java.sql.Types.INTEGER"/>
                                                    </constructor-arg>
                                                    <constructor-arg value="emp_no"/>
                                                    <constructor-arg value="int"/>
                                                    <constructor-arg value="empNo"/>
                                                </bean>

                                                <bean class="org.apache.ignite.cache.store.jdbc.JdbcTypeField">
                                                    <constructor-arg>
                                                        <util:constant static-field="java.sql.Types.CHAR"/>
                                                    </constructor-arg>
                                                    <constructor-arg value="dept_no"/>
                                                    <constructor-arg value="java.lang.String"/>
                                                    <constructor-arg value="deptNo"/>
                                                </bean>
                                            </list>
                                        </property>

                                        <property name="valueFields">
                                            <list>
                                                <bean class="org.apache.ignite.cache.store.jdbc.JdbcTypeField">
                                                    <constructor-arg>
                                                        <util:constant static-field="java.sql.Types.DATE"/>
                                                    </constructor-arg>
                                                    <constructor-arg value="from_date"/>
                                                    <constructor-arg value="java.sql.Date"/>
                                                    <constructor-arg value="fromDate"/>
                                                </bean>

                                                <bean class="org.apache.ignite.cache.store.jdbc.JdbcTypeField">
                                                    <constructor-arg>
                                                        <util:constant static-field="java.sql.Types.DATE"/>
                                                    </constructor-arg>
                                                    <constructor-arg value="to_date"/>
                                                    <constructor-arg value="java.sql.Date"/>
                                                    <constructor-arg value="toDate"/>
                                                </bean>
                                            </list>
                                        </property>
                                    </bean>
                                </list>
                            </property>
                        </bean>
                    </property>

                    <property name="readThrough" value="true"/>
                    <property name="writeThrough" value="true"/>

                    <property name="queryEntities">
                        <list>
                            <bean class="org.apache.ignite.cache.QueryEntity">
                                <property name="keyType" value="com.techacademy.model.DeptEmpKey"/>
                                <property name="valueType" value="com.techacademy.model.DeptEmp"/>
                                <property name="tableName" value="dept_emp"/>

                                <property name="keyFields">
                                    <list>
                                        <value>empNo</value>
                                        <value>deptNo</value>
                                    </list>
                                </property>

                                <property name="fields">
                                    <map>
                                        <entry key="empNo" value="java.lang.Integer"/>
                                        <entry key="deptNo" value="java.lang.String"/>
                                        <entry key="fromDate" value="java.sql.Date"/>
                                        <entry key="toDate" value="java.sql.Date"/>
                                    </map>
                                </property>

                                <property name="aliases">
                                    <map>
                                        <entry key="empNo" value="emp_no"/>
                                        <entry key="deptNo" value="dept_no"/>
                                        <entry key="fromDate" value="from_date"/>
                                        <entry key="toDate" value="to_date"/>
                                    </map>
                                </property>

                                <property name="indexes">
                                    <list>
                                        <bean class="org.apache.ignite.cache.QueryIndex">
                                            <property name="name" value="dept_no"/>
                                            <property name="indexType" value="SORTED"/>

                                            <property name="fields">
                                                <map>
                                                    <entry key="deptNo" value="false"/>
                                                </map>
                                            </property>
                                        </bean>
                                    </list>
                                </property>
                            </bean>
                        </list>
                    </property>
                </bean>

                <bean class="org.apache.ignite.configuration.CacheConfiguration">
                    <property name="name" value="DeptManagerCache"/>
                    <property name="cacheMode" value="REPLICATED"/>
                    <property name="atomicityMode" value="ATOMIC"/>

                    <property name="cacheStoreFactory">
                        <bean class="org.apache.ignite.cache.store.jdbc.CacheJdbcPojoStoreFactory">
                            <property name="dataSourceBean" value="dsMySQL_Employees"/>
                            <property name="dialect">
                                <bean class="org.apache.ignite.cache.store.jdbc.dialect.MySQLDialect">
                                </bean>
                            </property>

                            <property name="types">
                                <list>
                                    <bean class="org.apache.ignite.cache.store.jdbc.JdbcType">
                                        <property name="cacheName" value="DeptManagerCache"/>
                                        <property name="keyType" value="com.techacademy.model.DeptManagerKey"/>
                                        <property name="valueType" value="com.techacademy.model.DeptManager"/>
                                        <property name="databaseSchema" value="employees"/>
                                        <property name="databaseTable" value="dept_manager"/>

                                        <property name="keyFields">
                                            <list>
                                                <bean class="org.apache.ignite.cache.store.jdbc.JdbcTypeField">
                                                    <constructor-arg>
                                                        <util:constant static-field="java.sql.Types.INTEGER"/>
                                                    </constructor-arg>
                                                    <constructor-arg value="emp_no"/>
                                                    <constructor-arg value="int"/>
                                                    <constructor-arg value="empNo"/>
                                                </bean>

                                                <bean class="org.apache.ignite.cache.store.jdbc.JdbcTypeField">
                                                    <constructor-arg>
                                                        <util:constant static-field="java.sql.Types.CHAR"/>
                                                    </constructor-arg>
                                                    <constructor-arg value="dept_no"/>
                                                    <constructor-arg value="java.lang.String"/>
                                                    <constructor-arg value="deptNo"/>
                                                </bean>
                                            </list>
                                        </property>

                                        <property name="valueFields">
                                            <list>
                                                <bean class="org.apache.ignite.cache.store.jdbc.JdbcTypeField">
                                                    <constructor-arg>
                                                        <util:constant static-field="java.sql.Types.DATE"/>
                                                    </constructor-arg>
                                                    <constructor-arg value="from_date"/>
                                                    <constructor-arg value="java.sql.Date"/>
                                                    <constructor-arg value="fromDate"/>
                                                </bean>

                                                <bean class="org.apache.ignite.cache.store.jdbc.JdbcTypeField">
                                                    <constructor-arg>
                                                        <util:constant static-field="java.sql.Types.DATE"/>
                                                    </constructor-arg>
                                                    <constructor-arg value="to_date"/>
                                                    <constructor-arg value="java.sql.Date"/>
                                                    <constructor-arg value="toDate"/>
                                                </bean>
                                            </list>
                                        </property>
                                    </bean>
                                </list>
                            </property>
                        </bean>
                    </property>

                    <property name="readThrough" value="true"/>
                    <property name="writeThrough" value="true"/>

                    <property name="queryEntities">
                        <list>
                            <bean class="org.apache.ignite.cache.QueryEntity">
                                <property name="keyType" value="com.techacademy.model.DeptManagerKey"/>
                                <property name="valueType" value="com.techacademy.model.DeptManager"/>
                                <property name="tableName" value="dept_manager"/>

                                <property name="keyFields">
                                    <list>
                                        <value>empNo</value>
                                        <value>deptNo</value>
                                    </list>
                                </property>

                                <property name="fields">
                                    <map>
                                        <entry key="empNo" value="java.lang.Integer"/>
                                        <entry key="deptNo" value="java.lang.String"/>
                                        <entry key="fromDate" value="java.sql.Date"/>
                                        <entry key="toDate" value="java.sql.Date"/>
                                    </map>
                                </property>

                                <property name="aliases">
                                    <map>
                                        <entry key="empNo" value="emp_no"/>
                                        <entry key="deptNo" value="dept_no"/>
                                        <entry key="fromDate" value="from_date"/>
                                        <entry key="toDate" value="to_date"/>
                                    </map>
                                </property>

                                <property name="indexes">
                                    <list>
                                        <bean class="org.apache.ignite.cache.QueryIndex">
                                            <property name="name" value="dept_no"/>
                                            <property name="indexType" value="SORTED"/>

                                            <property name="fields">
                                                <map>
                                                    <entry key="deptNo" value="false"/>
                                                </map>
                                            </property>
                                        </bean>
                                    </list>
                                </property>
                            </bean>
                        </list>
                    </property>
                </bean>

                <bean class="org.apache.ignite.configuration.CacheConfiguration">
                    <property name="name" value="EmployeesCache"/>
                    <property name="cacheMode" value="REPLICATED"/>
                    <property name="atomicityMode" value="ATOMIC"/>

                    <property name="cacheStoreFactory">
                        <bean class="org.apache.ignite.cache.store.jdbc.CacheJdbcPojoStoreFactory">
                            <property name="dataSourceBean" value="dsMySQL_Employees"/>
                            <property name="dialect">
                                <bean class="org.apache.ignite.cache.store.jdbc.dialect.MySQLDialect">
                                </bean>
                            </property>

                            <property name="types">
                                <list>
                                    <bean class="org.apache.ignite.cache.store.jdbc.JdbcType">
                                        <property name="cacheName" value="EmployeesCache"/>
                                        <property name="keyType" value="java.lang.Integer"/>
                                        <property name="valueType" value="com.techacademy.model.Employees"/>
                                        <property name="databaseSchema" value="employees"/>
                                        <property name="databaseTable" value="employees"/>

                                        <property name="keyFields">
                                            <list>
                                                <bean class="org.apache.ignite.cache.store.jdbc.JdbcTypeField">
                                                    <constructor-arg>
                                                        <util:constant static-field="java.sql.Types.INTEGER"/>
                                                    </constructor-arg>
                                                    <constructor-arg value="emp_no"/>
                                                    <constructor-arg value="int"/>
                                                    <constructor-arg value="empNo"/>
                                                </bean>
                                            </list>
                                        </property>

                                        <property name="valueFields">
                                            <list>
                                                <bean class="org.apache.ignite.cache.store.jdbc.JdbcTypeField">
                                                    <constructor-arg>
                                                        <util:constant static-field="java.sql.Types.DATE"/>
                                                    </constructor-arg>
                                                    <constructor-arg value="birth_date"/>
                                                    <constructor-arg value="java.sql.Date"/>
                                                    <constructor-arg value="birthDate"/>
                                                </bean>

                                                <bean class="org.apache.ignite.cache.store.jdbc.JdbcTypeField">
                                                    <constructor-arg>
                                                        <util:constant static-field="java.sql.Types.VARCHAR"/>
                                                    </constructor-arg>
                                                    <constructor-arg value="first_name"/>
                                                    <constructor-arg value="java.lang.String"/>
                                                    <constructor-arg value="firstName"/>
                                                </bean>

                                                <bean class="org.apache.ignite.cache.store.jdbc.JdbcTypeField">
                                                    <constructor-arg>
                                                        <util:constant static-field="java.sql.Types.VARCHAR"/>
                                                    </constructor-arg>
                                                    <constructor-arg value="last_name"/>
                                                    <constructor-arg value="java.lang.String"/>
                                                    <constructor-arg value="lastName"/>
                                                </bean>

                                                <bean class="org.apache.ignite.cache.store.jdbc.JdbcTypeField">
                                                    <constructor-arg>
                                                        <util:constant static-field="java.sql.Types.CHAR"/>
                                                    </constructor-arg>
                                                    <constructor-arg value="gender"/>
                                                    <constructor-arg value="java.lang.String"/>
                                                    <constructor-arg value="gender"/>
                                                </bean>

                                                <bean class="org.apache.ignite.cache.store.jdbc.JdbcTypeField">
                                                    <constructor-arg>
                                                        <util:constant static-field="java.sql.Types.DATE"/>
                                                    </constructor-arg>
                                                    <constructor-arg value="hire_date"/>
                                                    <constructor-arg value="java.sql.Date"/>
                                                    <constructor-arg value="hireDate"/>
                                                </bean>
                                            </list>
                                        </property>
                                    </bean>
                                </list>
                            </property>
                        </bean>
                    </property>

                    <property name="readThrough" value="true"/>
                    <property name="writeThrough" value="true"/>

                    <property name="queryEntities">
                        <list>
                            <bean class="org.apache.ignite.cache.QueryEntity">
                                <property name="keyType" value="java.lang.Integer"/>
                                <property name="valueType" value="com.techacademy.model.Employees"/>
                                <property name="keyFieldName" value="empNo"/>

                                <property name="keyFields">
                                    <list>
                                        <value>empNo</value>
                                    </list>
                                </property>

                                <property name="fields">
                                    <map>
                                        <entry key="birthDate" value="java.sql.Date"/>
                                        <entry key="firstName" value="java.lang.String"/>
                                        <entry key="lastName" value="java.lang.String"/>
                                        <entry key="gender" value="java.lang.String"/>
                                        <entry key="hireDate" value="java.sql.Date"/>
                                        <entry key="empNo" value="java.lang.Integer"/>
                                    </map>
                                </property>

                                <property name="aliases">
                                    <map>
                                        <entry key="empNo" value="emp_no"/>
                                        <entry key="birthDate" value="birth_date"/>
                                        <entry key="firstName" value="first_name"/>
                                        <entry key="lastName" value="last_name"/>
                                        <entry key="hireDate" value="hire_date"/>
                                    </map>
                                </property>
                            </bean>
                        </list>
                    </property>
                </bean>

                <bean class="org.apache.ignite.configuration.CacheConfiguration">
                    <property name="name" value="SalariesCache"/>
                    <property name="cacheMode" value="REPLICATED"/>
                    <property name="atomicityMode" value="ATOMIC"/>

                    <property name="cacheStoreFactory">
                        <bean class="org.apache.ignite.cache.store.jdbc.CacheJdbcPojoStoreFactory">
                            <property name="dataSourceBean" value="dsMySQL_Employees"/>
                            <property name="dialect">
                                <bean class="org.apache.ignite.cache.store.jdbc.dialect.MySQLDialect">
                                </bean>
                            </property>

                            <property name="types">
                                <list>
                                    <bean class="org.apache.ignite.cache.store.jdbc.JdbcType">
                                        <property name="cacheName" value="SalariesCache"/>
                                        <property name="keyType" value="com.techacademy.model.SalariesKey"/>
                                        <property name="valueType" value="com.techacademy.model.Salaries"/>
                                        <property name="databaseSchema" value="employees"/>
                                        <property name="databaseTable" value="salaries"/>

                                        <property name="keyFields">
                                            <list>
                                                <bean class="org.apache.ignite.cache.store.jdbc.JdbcTypeField">
                                                    <constructor-arg>
                                                        <util:constant static-field="java.sql.Types.INTEGER"/>
                                                    </constructor-arg>
                                                    <constructor-arg value="emp_no"/>
                                                    <constructor-arg value="int"/>
                                                    <constructor-arg value="empNo"/>
                                                </bean>

                                                <bean class="org.apache.ignite.cache.store.jdbc.JdbcTypeField">
                                                    <constructor-arg>
                                                        <util:constant static-field="java.sql.Types.DATE"/>
                                                    </constructor-arg>
                                                    <constructor-arg value="from_date"/>
                                                    <constructor-arg value="java.sql.Date"/>
                                                    <constructor-arg value="fromDate"/>
                                                </bean>
                                            </list>
                                        </property>

                                        <property name="valueFields">
                                            <list>
                                                <bean class="org.apache.ignite.cache.store.jdbc.JdbcTypeField">
                                                    <constructor-arg>
                                                        <util:constant static-field="java.sql.Types.INTEGER"/>
                                                    </constructor-arg>
                                                    <constructor-arg value="salary"/>
                                                    <constructor-arg value="int"/>
                                                    <constructor-arg value="salary"/>
                                                </bean>

                                                <bean class="org.apache.ignite.cache.store.jdbc.JdbcTypeField">
                                                    <constructor-arg>
                                                        <util:constant static-field="java.sql.Types.DATE"/>
                                                    </constructor-arg>
                                                    <constructor-arg value="to_date"/>
                                                    <constructor-arg value="java.sql.Date"/>
                                                    <constructor-arg value="toDate"/>
                                                </bean>
                                            </list>
                                        </property>
                                    </bean>
                                </list>
                            </property>
                        </bean>
                    </property>

                    <property name="readThrough" value="true"/>
                    <property name="writeThrough" value="true"/>

                    <property name="queryEntities">
                        <list>
                            <bean class="org.apache.ignite.cache.QueryEntity">
                                <property name="keyType" value="com.techacademy.model.SalariesKey"/>
                                <property name="valueType" value="com.techacademy.model.Salaries"/>

                                <property name="keyFields">
                                    <list>
                                        <value>empNo</value>
                                        <value>fromDate</value>
                                    </list>
                                </property>

                                <property name="fields">
                                    <map>
                                        <entry key="empNo" value="java.lang.Integer"/>
                                        <entry key="salary" value="java.lang.Integer"/>
                                        <entry key="fromDate" value="java.sql.Date"/>
                                        <entry key="toDate" value="java.sql.Date"/>
                                    </map>
                                </property>

                                <property name="aliases">
                                    <map>
                                        <entry key="empNo" value="emp_no"/>
                                        <entry key="fromDate" value="from_date"/>
                                        <entry key="toDate" value="to_date"/>
                                    </map>
                                </property>
                            </bean>
                        </list>
                    </property>
                </bean>

                <bean class="org.apache.ignite.configuration.CacheConfiguration">
                    <property name="name" value="TitlesCache"/>
                    <property name="cacheMode" value="REPLICATED"/>
                    <property name="atomicityMode" value="ATOMIC"/>

                    <property name="cacheStoreFactory">
                        <bean class="org.apache.ignite.cache.store.jdbc.CacheJdbcPojoStoreFactory">
                            <property name="dataSourceBean" value="dsMySQL_Employees"/>
                            <property name="dialect">
                                <bean class="org.apache.ignite.cache.store.jdbc.dialect.MySQLDialect">
                                </bean>
                            </property>

                            <property name="types">
                                <list>
                                    <bean class="org.apache.ignite.cache.store.jdbc.JdbcType">
                                        <property name="cacheName" value="TitlesCache"/>
                                        <property name="keyType" value="com.techacademy.model.TitlesKey"/>
                                        <property name="valueType" value="com.techacademy.model.Titles"/>
                                        <property name="databaseSchema" value="employees"/>
                                        <property name="databaseTable" value="titles"/>

                                        <property name="keyFields">
                                            <list>
                                                <bean class="org.apache.ignite.cache.store.jdbc.JdbcTypeField">
                                                    <constructor-arg>
                                                        <util:constant static-field="java.sql.Types.INTEGER"/>
                                                    </constructor-arg>
                                                    <constructor-arg value="emp_no"/>
                                                    <constructor-arg value="int"/>
                                                    <constructor-arg value="empNo"/>
                                                </bean>

                                                <bean class="org.apache.ignite.cache.store.jdbc.JdbcTypeField">
                                                    <constructor-arg>
                                                        <util:constant static-field="java.sql.Types.VARCHAR"/>
                                                    </constructor-arg>
                                                    <constructor-arg value="title"/>
                                                    <constructor-arg value="java.lang.String"/>
                                                    <constructor-arg value="title"/>
                                                </bean>

                                                <bean class="org.apache.ignite.cache.store.jdbc.JdbcTypeField">
                                                    <constructor-arg>
                                                        <util:constant static-field="java.sql.Types.DATE"/>
                                                    </constructor-arg>
                                                    <constructor-arg value="from_date"/>
                                                    <constructor-arg value="java.sql.Date"/>
                                                    <constructor-arg value="fromDate"/>
                                                </bean>
                                            </list>
                                        </property>

                                        <property name="valueFields">
                                            <list>
                                                <bean class="org.apache.ignite.cache.store.jdbc.JdbcTypeField">
                                                    <constructor-arg>
                                                        <util:constant static-field="java.sql.Types.DATE"/>
                                                    </constructor-arg>
                                                    <constructor-arg value="to_date"/>
                                                    <constructor-arg value="java.sql.Date"/>
                                                    <constructor-arg value="toDate"/>
                                                </bean>
                                            </list>
                                        </property>
                                    </bean>
                                </list>
                            </property>
                        </bean>
                    </property>

                    <property name="readThrough" value="true"/>
                    <property name="writeThrough" value="true"/>

                    <property name="queryEntities">
                        <list>
                            <bean class="org.apache.ignite.cache.QueryEntity">
                                <property name="keyType" value="com.techacademy.model.TitlesKey"/>
                                <property name="valueType" value="com.techacademy.model.Titles"/>

                                <property name="keyFields">
                                    <list>
                                        <value>empNo</value>
                                        <value>title</value>
                                        <value>fromDate</value>
                                    </list>
                                </property>

                                <property name="fields">
                                    <map>
                                        <entry key="empNo" value="java.lang.Integer"/>
                                        <entry key="title" value="java.lang.String"/>
                                        <entry key="fromDate" value="java.sql.Date"/>
                                        <entry key="toDate" value="java.sql.Date"/>
                                    </map>
                                </property>

                                <property name="aliases">
                                    <map>
                                        <entry key="empNo" value="emp_no"/>
                                        <entry key="fromDate" value="from_date"/>
                                        <entry key="toDate" value="to_date"/>
                                    </map>
                                </property>
                            </bean>
                        </list>
                    </property>
                </bean>
            </list>
        </property>
    </bean>
</beans>